City_ID,City,Country,Date,Lat,Lng,Max Temp,Humidity,Cloudiness,Wind Speed,Current Description,Rain inches (last 3hrs),Snow inches (last 3hrs)
0,Alofi,NU,2022-06-14 21:37:25,-19.0595,-169.9187,80.49,69,40,11.5,scattered clouds,0.0,0.0
1,Belle Fourche,US,2022-06-14 21:41:18,44.6714,-103.8522,69.31,45,46,13.96,scattered clouds,0.0,0.0
2,Albany,US,2022-06-14 21:44:17,42.6001,-73.9662,81.91,46,13,1.01,few clouds,0.0,0.0
3,Tucuma,BR,2022-06-14 21:45:53,-0.1833,-50.05,75.97,91,87,7.2,overcast clouds,0.0,0.0
4,Sao Filipe,CV,2022-06-14 21:35:58,14.8961,-24.4956,74.52,77,100,12.68,overcast clouds,0.0,0.0
5,Lichinga,MZ,2022-06-14 21:45:54,-13.3128,35.2406,57.29,82,0,4.61,clear sky,0.0,0.0
6,Soyo,AO,2022-06-14 21:45:54,-6.1349,12.3689,73.09,86,16,8.68,few clouds,0.0,0.0
7,Hasaki,JP,2022-06-14 21:32:56,35.7333,140.8333,64.29,85,100,13.62,light rain,0.0,0.0
8,Mataura,NZ,2022-06-14 21:45:54,-46.1927,168.8643,46.47,96,100,9.37,light rain,0.0,0.0
9,Qaanaaq,GL,2022-06-14 21:36:16,77.484,-69.3632,30.51,73,93,1.95,overcast clouds,0.0,0.0
10,Tasiilaq,GL,2022-06-14 21:45:55,65.6145,-37.6368,39.36,91,100,14.54,light rain,0.0,0.0
11,Bluff,NZ,2022-06-14 21:45:55,-46.6,168.3333,46.8,73,100,30.02,overcast clouds,0.0,0.0
12,Hithadhoo,MV,2022-06-14 21:45:55,-0.6,73.0833,82.53,70,47,4.88,scattered clouds,0.0,0.0
13,Ushuaia,AR,2022-06-14 21:45:40,-54.8,-68.3,37.02,88,26,4.83,scattered clouds,0.0,0.0
14,Chuy,UY,2022-06-14 21:37:02,-33.6971,-53.4616,54.21,90,7,6.15,clear sky,0.0,0.0
15,Bredasdorp,ZA,2022-06-14 21:45:56,-34.5322,20.0403,49.01,82,74,7.0,broken clouds,0.0,0.0
16,Cockburn Town,TC,2022-06-14 21:36:27,21.4612,-71.1419,80.62,81,85,19.69,overcast clouds,0.0,0.0
17,Gidam,IN,2022-06-14 21:45:56,18.9833,81.4,76.69,74,87,0.92,overcast clouds,0.0,0.0
18,Mar Del Plata,AR,2022-06-14 21:34:47,-38.0023,-57.5575,56.08,71,0,4.61,clear sky,0.0,0.0
19,Iqaluit,CA,2022-06-14 21:32:41,63.7506,-68.5145,47.93,71,75,5.75,broken clouds,0.0,0.0
20,Pangkalanbuun,ID,2022-06-14 21:45:57,-2.6833,111.6167,72.93,96,83,2.82,broken clouds,0.0,0.0
21,Cherskiy,RU,2022-06-14 21:45:57,68.75,161.3,64.45,31,6,3.87,clear sky,0.0,0.0
22,Lixourion,GR,2022-06-14 21:45:58,38.2019,20.4314,77.0,88,20,4.61,few clouds,0.0,0.0
23,Ponta Do Sol,PT,2022-06-14 21:34:13,32.6667,-17.1,68.63,72,18,6.44,few clouds,0.0,0.0
24,Salalah,OM,2022-06-14 21:35:20,17.0151,54.0924,84.29,89,75,9.22,broken clouds,0.0,0.0
25,Kapaa,US,2022-06-14 21:45:58,22.0752,-159.319,84.18,72,20,20.71,few clouds,0.0,0.0
26,Guerrero Negro,MX,2022-06-14 21:42:25,27.9769,-114.0611,72.27,54,0,18.03,clear sky,0.0,0.0
27,Salihorsk,BY,2022-06-14 21:45:59,52.7876,27.5415,49.71,92,0,10.56,clear sky,0.0,0.0
28,Cape Town,ZA,2022-06-14 21:45:59,-33.9258,18.4232,50.92,87,20,3.44,few clouds,0.0,0.0
29,Hobart,AU,2022-06-14 21:45:59,-42.8794,147.3294,45.05,86,0,8.05,light rain,0.0,0.0
30,Ribeira Grande,PT,2022-06-14 21:45:57,38.5167,-28.7,64.74,85,100,10.2,overcast clouds,0.0,0.0
31,Mahebourg,MU,2022-06-14 21:37:06,-20.4081,57.7,71.26,88,75,13.8,broken clouds,0.0,0.0
32,Okhotsk,RU,2022-06-14 21:46:00,59.3833,143.3,46.67,81,79,1.88,broken clouds,0.0,0.0
33,Ostrovnoy,RU,2022-06-14 21:46:00,68.0531,39.5131,52.72,88,27,9.95,light rain,0.0,0.0
34,Fortuna,US,2022-06-14 21:36:12,40.5982,-124.1573,64.92,62,0,14.97,clear sky,0.0,0.0
35,Hay River,CA,2022-06-14 21:45:02,60.8156,-115.7999,69.78,40,40,11.5,scattered clouds,0.0,0.0
36,Avarua,CK,2022-06-14 21:46:01,-21.2078,-159.775,80.65,74,32,16.11,scattered clouds,0.0,0.0
37,Tucurui,BR,2022-06-14 21:46:01,-3.7661,-49.6725,75.4,91,69,1.25,broken clouds,0.0,0.0
38,Sassandra,CI,2022-06-14 21:46:01,4.95,-6.0833,77.54,84,100,10.65,light rain,0.0,0.0
39,Marawi,PH,2022-06-14 21:37:42,7.9986,124.2928,68.4,90,79,2.51,broken clouds,0.0,0.0
40,Punta Arenas,CL,2022-06-14 21:41:08,-53.15,-70.9167,37.51,87,0,8.05,clear sky,0.0,0.0
41,Isangel,VU,2022-06-14 21:34:48,-19.55,169.2667,75.31,94,20,2.3,few clouds,0.0,0.0
42,Saskylakh,RU,2022-06-14 21:36:10,71.9167,114.0833,44.08,55,12,13.31,few clouds,0.0,0.0
43,Bahia Blanca,AR,2022-06-14 21:36:18,-38.7196,-62.2724,53.1,51,100,5.35,overcast clouds,0.0,0.0
44,Oster,UA,2022-06-14 21:46:02,50.9506,30.8823,51.96,74,27,7.0,scattered clouds,0.0,0.0
45,Pevek,RU,2022-06-14 21:46:02,69.7008,170.3133,36.37,74,1,6.89,clear sky,0.0,0.0
46,Rush,IE,2022-06-14 21:46:03,53.5223,-6.0931,58.15,74,75,0.0,broken clouds,0.0,0.0
47,Bambous Virieux,MU,2022-06-14 21:36:26,-20.3428,57.7575,71.22,88,75,13.8,broken clouds,0.0,0.0
48,Dikson,RU,2022-06-14 21:35:55,73.5069,80.5464,32.79,79,30,9.26,scattered clouds,0.0,0.0
49,New Norfolk,AU,2022-06-14 21:46:03,-42.7826,147.0587,44.71,84,100,2.59,overcast clouds,0.0,0.0
50,Rikitea,PF,2022-06-14 21:46:04,-23.1203,-134.9692,72.95,70,47,8.99,scattered clouds,0.0,0.0
51,Baghmara,IN,2022-06-14 21:46:04,23.795,86.2085,88.43,47,100,10.36,overcast clouds,0.0,0.0
52,Arman,RU,2022-06-14 21:46:04,59.7,150.1667,48.02,88,100,2.13,overcast clouds,0.0,0.0
53,Victoria,HK,2022-06-14 21:34:27,22.2855,114.1577,79.32,91,100,4.0,light rain,0.0,0.0
54,Atuona,PF,2022-06-14 21:46:05,-9.8,-139.0333,76.89,79,40,20.42,light rain,0.0,0.0
55,Kaeo,NZ,2022-06-14 21:46:05,-35.1,173.7833,55.33,95,17,9.78,few clouds,0.0,0.0
56,Yeppoon,AU,2022-06-14 21:46:05,-23.1333,150.7333,62.38,86,91,7.43,overcast clouds,0.0,0.0
57,Yellowknife,CA,2022-06-14 21:46:06,62.456,-114.3525,75.72,35,75,14.97,broken clouds,0.0,0.0
58,Sao Francisco,BR,2022-06-14 21:46:06,-15.9486,-44.8644,77.43,53,99,8.63,light rain,0.0,0.0
59,Klaksvik,FO,2022-06-14 21:36:49,62.2266,-6.589,50.92,99,94,11.61,overcast clouds,0.0,0.0
60,Ucluelet,CA,2022-06-14 21:46:06,48.9329,-125.5528,58.08,81,13,3.0,few clouds,0.0,0.0
61,Beloha,MG,2022-06-14 21:37:06,-25.1667,45.05,65.16,75,25,7.36,scattered clouds,0.0,0.0
62,Busselton,AU,2022-06-14 21:46:07,-33.65,115.3333,62.37,63,42,12.33,scattered clouds,0.0,0.0
63,Hamilton,US,2022-06-14 21:43:59,39.1834,-84.5333,96.66,57,0,8.05,clear sky,0.0,0.0
64,Taltal,CL,2022-06-14 21:34:08,-25.4,-70.4833,57.15,81,91,6.53,overcast clouds,0.0,0.0
65,Aksarka,RU,2022-06-14 21:46:07,66.5606,67.7975,50.49,65,46,5.61,scattered clouds,0.0,0.0
66,Serenje,ZM,2022-06-14 21:46:08,-13.2325,30.2352,52.83,71,5,3.98,clear sky,0.0,0.0
67,Kuopio,FI,2022-06-14 21:46:08,62.8924,27.677,57.15,88,0,8.05,clear sky,0.0,0.0
68,San Rafael,AR,2022-06-14 21:37:04,-34.6177,-68.3301,52.79,24,0,7.45,clear sky,0.0,0.0
69,Georgetown,MY,2022-06-14 21:36:28,5.4112,100.3354,82.33,91,40,3.44,scattered clouds,0.0,0.0
70,Eyrarbakki,IS,2022-06-14 21:46:08,63.863,-21.1481,48.2,78,100,15.39,overcast clouds,0.0,0.0
71,Columbia,US,2022-06-14 21:43:14,34.0007,-81.0348,105.3,23,66,10.29,broken clouds,0.0,0.0
72,Puerto Ayora,EC,2022-06-14 21:46:09,-0.7393,-90.3518,76.96,89,91,5.01,overcast clouds,0.0,0.0
73,Erzin,TR,2022-06-14 21:46:09,36.9559,36.2,68.92,90,98,1.99,overcast clouds,0.0,0.0
74,Miracema Do Tocantins,BR,2022-06-14 21:46:10,-9.5618,-48.3967,78.55,66,89,2.37,overcast clouds,0.0,0.0
75,Hermanus,ZA,2022-06-14 21:43:58,-34.4187,19.2345,48.79,66,32,7.27,scattered clouds,0.0,0.0
76,Middleton,GB,2022-06-14 21:43:30,53.55,-2.2,58.84,75,36,4.25,scattered clouds,0.0,0.0
77,Lata,PT,2022-06-14 21:46:10,40.1629,-8.3327,65.52,81,0,0.6,clear sky,0.0,0.0
78,Narsaq,GL,2022-06-14 21:36:44,60.9167,-46.05,52.02,47,100,8.75,overcast clouds,0.0,0.0
79,Longyearbyen,SJ,2022-06-14 21:46:11,78.2186,15.6401,40.84,70,75,14.97,broken clouds,0.0,0.0
80,Harper,LR,2022-06-14 21:37:52,4.375,-7.7169,78.13,80,99,10.2,light rain,0.0,0.0
81,Port Alfred,ZA,2022-06-14 21:42:47,-33.5906,26.891,60.03,57,11,25.19,few clouds,0.0,0.0
82,Krasnoselkup,RU,2022-06-14 21:46:11,65.7,82.4667,60.8,80,95,2.75,overcast clouds,0.0,0.0
83,Kaitangata,NZ,2022-06-14 21:46:12,-46.2817,169.8464,41.22,90,98,15.17,overcast clouds,0.0,0.0
84,Kamaishi,JP,2022-06-14 21:46:12,39.2667,141.8833,59.18,82,100,8.41,overcast clouds,0.0,0.0
85,Palmer,US,2022-06-14 21:33:34,42.1584,-72.3287,82.62,40,75,17.27,broken clouds,0.0,0.0
86,Souillac,MU,2022-06-14 21:46:12,-20.5167,57.5167,70.18,88,75,13.8,broken clouds,0.0,0.0
87,Jutai,BR,2022-06-14 21:46:13,-5.1833,-68.9,76.24,76,68,2.39,broken clouds,0.0,0.0
88,Purpe,RU,2022-06-14 21:46:13,64.4803,76.6897,58.78,86,92,10.36,overcast clouds,0.0,0.0
89,Kamenka,RU,2022-06-14 21:46:13,51.3223,42.7678,61.72,59,0,10.51,clear sky,0.0,0.0
90,Guilin,CN,2022-06-14 21:46:14,25.2819,110.2864,75.31,95,100,1.23,overcast clouds,0.0,0.0
91,Vaini,TO,2022-06-14 21:42:51,-21.2,-175.2,78.96,73,20,6.91,few clouds,0.0,0.0
92,Olafsvik,IS,2022-06-14 21:37:51,64.8945,-23.7142,48.79,75,91,15.64,overcast clouds,0.0,0.0
93,Bundaberg,AU,2022-06-14 21:46:14,-24.85,152.35,58.21,99,34,1.99,scattered clouds,0.0,0.0
94,Staryy Nadym,RU,2022-06-14 21:46:14,65.6118,72.6842,49.01,64,97,10.92,overcast clouds,0.0,0.0
95,Esperance,AU,2022-06-14 21:35:10,-33.8667,121.9,54.3,73,0,14.72,clear sky,0.0,0.0
96,Partanna,IT,2022-06-14 21:46:15,37.7278,12.8885,72.19,51,0,4.18,clear sky,0.0,0.0
97,Prince George,CA,2022-06-14 21:46:15,53.9166,-122.753,70.25,36,0,10.36,clear sky,0.0,0.0
98,Ulladulla,AU,2022-06-14 21:37:09,-35.35,150.4667,50.5,64,58,8.01,broken clouds,0.0,0.0
99,Provideniya,RU,2022-06-14 21:36:17,64.3833,-173.3,37.51,93,75,13.42,broken clouds,0.0,0.0
100,Manokwari,ID,2022-06-14 21:46:16,-0.8667,134.0833,78.17,77,79,3.53,broken clouds,0.0,0.0
101,East London,ZA,2022-06-14 21:46:15,-33.0153,27.9116,64.0,40,1,21.3,clear sky,0.0,0.0
102,Portland,US,2022-06-14 21:45:50,45.5234,-122.6762,67.57,56,75,10.36,broken clouds,0.0,0.0
103,Dasoguz,TM,2022-06-14 21:46:16,41.8363,59.9666,80.55,41,0,6.91,clear sky,0.0,0.0
104,Castro,BR,2022-06-14 21:45:57,-24.7911,-50.0119,47.26,93,0,4.79,clear sky,0.0,0.0
105,Semey,KZ,2022-06-14 21:37:29,50.4111,80.2275,62.31,60,1,7.78,clear sky,0.0,0.0
106,Port Lincoln,AU,2022-06-14 21:37:17,-34.7333,135.8667,58.48,81,25,18.48,scattered clouds,0.0,0.0
107,Tilichiki,RU,2022-06-14 21:46:17,60.4667,166.1,56.03,52,69,2.44,broken clouds,0.0,0.0
108,Christchurch,NZ,2022-06-14 21:43:58,-43.5333,172.6333,45.41,93,3,2.3,clear sky,0.0,0.0
109,Denpasar,ID,2022-06-14 21:41:43,-8.65,115.2167,78.46,94,40,6.91,scattered clouds,0.0,0.0
110,Barrow,US,2022-06-14 21:45:56,71.2906,-156.7887,37.42,75,100,8.05,overcast clouds,0.0,0.0
111,Gat,IL,2022-06-14 21:45:04,31.61,34.7642,74.8,100,0,3.29,clear sky,0.0,0.0
112,Polunochnoye,RU,2022-06-14 21:46:17,60.8697,60.4153,52.05,55,92,2.98,overcast clouds,0.0,0.0
113,Sao Borja,BR,2022-06-14 21:46:18,-28.6606,-56.0044,56.95,87,0,6.62,clear sky,0.0,0.0
114,Vila Franca Do Campo,PT,2022-06-14 21:37:55,37.7167,-25.4333,65.19,81,98,2.35,overcast clouds,0.0,0.0
115,Pitiquito,MX,2022-06-14 21:46:18,30.7,-112.0833,100.63,17,0,21.97,clear sky,0.0,0.0
116,Raga,SS,2022-06-14 21:46:18,8.4596,25.678,73.15,76,96,2.8,overcast clouds,0.0,0.0
117,Upernavik,GL,2022-06-14 21:46:19,72.7868,-56.1549,30.88,78,21,10.92,few clouds,0.0,0.0
118,Churapcha,RU,2022-06-14 21:46:19,62.0025,132.4325,55.63,86,100,2.53,overcast clouds,0.0,0.0
119,Saint-Augustin,CA,2022-06-14 21:46:19,51.226,-58.6502,62.65,50,86,8.37,overcast clouds,0.0,0.0
120,Port Elizabeth,ZA,2022-06-14 21:36:24,-33.918,25.5701,59.09,68,20,23.02,few clouds,0.0,0.0
121,Kodiak,US,2022-06-14 21:46:20,57.79,-152.4072,51.31,87,100,10.36,moderate rain,0.0,0.0
122,Pascagoula,US,2022-06-14 21:46:20,30.3658,-88.5561,93.2,55,0,8.05,clear sky,0.0,0.0
123,Oktyabrskiy,RU,2022-06-14 21:46:20,54.4815,53.471,55.62,88,4,4.59,clear sky,0.0,0.0
124,Pisco,PE,2022-06-14 21:34:59,-13.7,-76.2167,64.45,77,0,9.22,clear sky,0.0,0.0
125,Thompson,CA,2022-06-14 21:37:12,55.7435,-97.8558,82.56,32,75,13.8,broken clouds,0.0,0.0
126,Oranjestad,AW,2022-06-14 21:36:01,12.524,-70.027,80.11,82,76,27.04,broken clouds,0.0,0.0
127,Dalby,AU,2022-06-14 21:46:21,-27.1833,151.2667,56.71,80,2,1.72,clear sky,0.0,0.0
128,Mosquera,CO,2022-06-14 21:41:55,4.7059,-74.2302,59.09,77,75,6.91,broken clouds,0.0,0.0
129,Bambanglipuro,ID,2022-06-14 21:46:21,-7.95,110.2833,75.7,88,70,3.29,broken clouds,0.0,0.0
130,Amarante Do Maranhao,BR,2022-06-14 21:46:22,-5.5667,-46.7422,72.1,95,32,3.09,scattered clouds,0.0,0.0
131,Port Macquarie,AU,2022-06-14 21:46:22,-31.4333,152.9167,52.5,77,0,5.19,clear sky,0.0,0.0
132,Cap Malheureux,MU,2022-06-14 21:46:23,-19.9842,57.6142,71.47,72,85,4.0,overcast clouds,0.0,0.0
133,Cidreira,BR,2022-06-14 21:37:37,-30.1811,-50.2056,62.01,87,0,14.23,clear sky,0.0,0.0
134,Lahad Datu,MY,2022-06-14 21:46:23,5.0268,118.327,75.13,92,98,1.79,overcast clouds,0.0,0.0
135,High Level,CA,2022-06-14 21:45:02,58.5169,-117.136,66.31,55,75,11.5,broken clouds,0.0,0.0
136,Laguna,US,2022-06-14 21:32:17,38.421,-121.4238,90.03,15,0,13.8,clear sky,0.0,0.0
137,Saint-Philippe,RE,2022-06-14 21:41:36,-21.3585,55.7679,69.39,69,40,12.66,scattered clouds,0.0,0.0
138,Vila Velha,BR,2022-06-14 21:37:16,-20.3297,-40.2925,69.75,81,75,11.5,broken clouds,0.0,0.0
139,Ahuimanu,US,2022-06-14 21:46:24,21.4447,-157.8378,81.54,78,100,21.85,light rain,0.76,0.0
140,Luderitz,NA,2022-06-14 21:38:02,-26.6481,15.1594,57.42,73,0,6.2,clear sky,0.0,0.0
141,Conway,US,2022-06-14 21:43:14,35.0887,-92.4421,96.03,55,0,16.11,clear sky,0.0,0.0
142,Qujing,CN,2022-06-14 21:37:11,25.4833,103.7833,55.98,79,96,2.55,overcast clouds,0.0,0.0
143,Tayshet,RU,2022-06-14 21:46:24,55.9342,98.0044,63.03,73,89,3.22,overcast clouds,0.0,0.0
144,Acara,BR,2022-06-14 21:46:25,-1.9608,-48.1967,72.99,96,96,2.93,moderate rain,0.0,0.0
145,Whitehorse,CA,2022-06-14 21:42:34,60.7161,-135.0538,51.1,95,100,2.3,light rain,0.0,0.0
146,San Quintin,MX,2022-06-14 21:36:45,30.4833,-115.95,68.7,64,0,11.39,clear sky,0.0,0.0
147,Yulara,AU,2022-06-14 21:37:41,-25.2406,130.9889,55.04,57,1,5.61,clear sky,0.0,0.0
148,Ampanihy,MG,2022-06-14 21:46:25,-24.7,44.75,66.02,44,5,5.61,clear sky,0.0,0.0
149,Khorramshahr,IR,2022-06-14 21:46:26,30.4397,48.1664,94.96,21,0,6.91,clear sky,0.0,0.0
150,Maragogi,BR,2022-06-14 21:43:08,-9.0122,-35.2225,76.06,78,12,5.59,few clouds,0.0,0.0
151,Markova,UA,2022-06-14 21:46:26,48.6758,24.4138,48.07,89,45,4.12,scattered clouds,0.0,0.0
152,Riyadh,SA,2022-06-14 21:36:57,24.6877,46.7219,89.74,15,0,7.52,clear sky,0.0,0.0
153,Margate,GB,2022-06-14 21:46:27,51.3813,1.3862,60.31,77,25,3.0,scattered clouds,0.0,0.0
154,Maceio,BR,2022-06-14 21:46:27,-9.6658,-35.7353,74.64,94,75,2.3,broken clouds,0.0,0.0
155,Naze,JP,2022-06-14 21:46:27,28.3667,129.4833,74.32,88,100,14.52,overcast clouds,0.0,0.0
156,Butaritari,KI,2022-06-14 21:46:28,3.0707,172.7902,82.11,73,88,13.51,overcast clouds,0.0,0.0
157,Gazojak,TM,2022-06-14 21:46:28,41.1875,61.4036,81.93,27,30,10.56,scattered clouds,0.0,0.0
158,Belem De Sao Francisco,BR,2022-06-14 21:46:28,-8.7539,-38.9658,75.83,71,23,19.98,few clouds,0.0,0.0
159,Nelson Bay,AU,2022-06-14 21:46:29,-32.7167,152.15,48.0,96,0,9.89,clear sky,0.0,0.0
160,Las Cruces,US,2022-06-14 21:44:09,32.3123,-106.7783,101.37,11,0,18.41,clear sky,0.0,0.0
161,Manado,ID,2022-06-14 21:46:29,1.487,124.8455,74.17,100,20,1.14,few clouds,0.0,0.0
162,Hilo,US,2022-06-14 21:46:29,19.7297,-155.09,86.29,67,20,8.05,few clouds,0.0,0.0
163,Kashi,CN,2022-06-14 21:46:30,39.4547,75.9797,78.01,18,0,13.42,clear sky,0.0,0.0
164,Watertown,US,2022-06-14 21:45:48,42.3709,-71.1828,83.84,40,75,12.66,broken clouds,0.0,0.0
165,Klyuchi,RU,2022-06-14 21:46:14,52.2667,79.1667,59.77,75,1,7.7,clear sky,0.0,0.0
166,Mangai,CD,2022-06-14 21:46:30,-4.05,19.5333,74.53,65,100,1.52,overcast clouds,0.0,0.0
167,Uaua,BR,2022-06-14 21:46:31,-9.8414,-39.4817,73.11,73,25,13.24,scattered clouds,0.0,0.0
168,Tautira,PF,2022-06-14 21:46:31,-17.7333,-149.15,79.23,71,49,21.52,scattered clouds,0.0,0.0
169,Arraial Do Cabo,BR,2022-06-14 21:46:31,-22.9661,-42.0278,66.06,72,40,3.44,scattered clouds,0.0,0.0
170,Jamestown,US,2022-06-14 21:46:32,42.097,-79.2353,80.94,71,2,5.66,clear sky,0.0,0.0
171,Waddan,LY,2022-06-14 21:35:56,29.1614,16.139,77.02,44,0,16.96,clear sky,0.0,0.0
172,San Cristobal,VE,2022-06-14 21:38:06,7.7669,-72.225,77.18,93,100,4.94,overcast clouds,0.0,0.0
173,Mana,GF,2022-06-14 21:46:32,5.6592,-53.7767,77.74,82,65,7.58,broken clouds,0.0,0.0
174,Martapura,ID,2022-06-14 21:46:33,-3.4167,114.85,75.29,100,99,1.14,overcast clouds,0.0,0.0
175,Nazca,PE,2022-06-14 21:46:33,-14.8333,-74.95,70.47,49,51,5.66,broken clouds,0.0,0.0
176,Hato Mayor,DO,2022-06-14 21:46:33,18.7629,-69.256,81.95,65,77,10.8,broken clouds,0.0,0.0
177,Saint George,US,2022-06-14 21:45:13,37.1041,-113.5841,92.62,9,0,6.91,clear sky,0.0,0.0
178,Touros,BR,2022-06-14 21:41:40,-5.1989,-35.4608,75.15,77,2,11.05,clear sky,0.0,0.0
179,Mehriz,IR,2022-06-14 21:46:34,31.5917,54.4318,84.7,14,9,1.9,clear sky,0.0,0.0
180,Roebourne,AU,2022-06-14 21:46:34,-20.7833,117.1333,71.67,59,5,7.96,clear sky,0.0,0.0
181,Puerto Carreno,CO,2022-06-14 21:46:34,6.189,-67.4859,72.68,91,99,3.02,overcast clouds,0.0,0.0
182,Bethel,US,2022-06-14 21:46:34,41.3712,-73.414,82.49,46,0,9.22,clear sky,0.0,0.0
183,Leningradskiy,RU,2022-06-14 21:46:35,69.3833,178.4167,32.97,96,99,9.01,light snow,0.0,0.0
184,Sakakah,SA,2022-06-14 21:46:35,29.9697,40.2064,85.57,24,0,8.66,clear sky,0.0,0.0
185,Marrakesh,MA,2022-06-14 21:46:36,31.6315,-8.0083,84.27,45,40,10.36,scattered clouds,0.0,0.0
186,Lebu,CL,2022-06-14 21:46:36,-37.6167,-73.65,51.75,92,99,13.2,overcast clouds,0.0,0.0
187,Tiksi,RU,2022-06-14 21:46:36,71.6872,128.8694,43.9,67,100,8.39,overcast clouds,0.0,0.0
188,Kahului,US,2022-06-14 21:46:36,20.8947,-156.47,86.02,59,20,24.16,few clouds,0.0,0.0
189,Thinadhoo,MV,2022-06-14 21:46:37,0.5333,72.9333,83.08,70,53,3.98,broken clouds,0.0,0.0
190,Santa Rosalia,MX,2022-06-14 21:46:37,27.3167,-112.2833,87.58,38,0,4.72,clear sky,0.0,0.0
191,Isla Vista,US,2022-06-14 21:46:37,34.4133,-119.861,89.38,62,0,8.05,clear sky,0.0,0.0
192,Sesheke,ZM,2022-06-14 21:46:38,-17.4759,24.2968,56.57,48,0,2.17,clear sky,0.0,0.0
193,Te Anau,NZ,2022-06-14 21:46:38,-45.4167,167.7167,41.67,95,96,5.01,light rain,0.0,0.0
194,Vangaindrano,MG,2022-06-14 21:46:38,-23.35,47.6,66.22,92,86,5.26,light rain,0.0,0.0
195,San Patricio,US,2022-06-14 21:46:07,28.017,-97.5169,94.53,55,97,22.44,overcast clouds,0.0,0.0
196,De-Kastri,RU,2022-06-14 21:46:39,51.4667,140.7833,57.27,89,65,5.35,broken clouds,0.0,0.0
197,Liverpool,GB,2022-06-14 21:43:54,53.4106,-2.9779,59.54,63,0,5.75,clear sky,0.0,0.0
198,Gouyave,GD,2022-06-14 21:37:58,12.1646,-61.7296,83.17,74,20,16.11,few clouds,0.0,0.0
199,Tuktoyaktuk,CA,2022-06-14 21:46:39,69.4541,-133.0374,50.0,46,0,8.05,clear sky,0.0,0.0
200,Broome,US,2022-06-14 21:46:37,42.2506,-75.833,78.85,49,0,12.66,clear sky,0.0,0.0
201,Deputatskiy,RU,2022-06-14 21:36:47,69.3,139.9,61.3,38,97,6.38,overcast clouds,0.0,0.0
202,Pala,TD,2022-06-14 21:46:40,9.3642,14.9046,79.79,56,25,1.5,scattered clouds,0.0,0.0
203,Wlodawa,PL,2022-06-14 21:46:40,51.55,23.55,52.95,85,21,7.43,few clouds,0.0,0.0
204,Tyukhtet,RU,2022-06-14 21:46:40,56.5389,89.3011,57.58,97,96,3.38,overcast clouds,0.0,0.0
205,Camacha,PT,2022-06-14 21:46:41,33.0833,-16.3333,65.62,68,40,8.05,scattered clouds,0.0,0.0
206,Namatanai,PG,2022-06-14 21:46:41,-3.6667,152.4333,81.21,75,13,5.1,few clouds,0.0,0.0
207,Nalut,LY,2022-06-14 21:46:41,30.3333,10.85,77.52,20,0,10.42,clear sky,0.0,0.0
208,Zhuhai,CN,2022-06-14 21:46:42,22.2769,113.5678,78.58,94,40,0.0,scattered clouds,0.0,0.0
209,Araouane,ML,2022-06-14 21:46:42,18.9048,-3.5265,96.51,12,6,11.18,clear sky,0.0,0.0
210,Sabha,LY,2022-06-14 21:46:42,27.0377,14.4283,82.62,19,0,9.82,clear sky,0.0,0.0
211,Kieta,PG,2022-06-14 21:46:43,-6.2167,155.6333,80.85,81,64,2.44,broken clouds,0.0,0.0
212,Kokopo,PG,2022-06-14 21:38:09,-4.352,152.2633,80.1,76,6,6.17,clear sky,0.0,0.0
213,Lasa,IT,2022-06-14 21:46:43,46.6166,10.7002,65.28,80,42,2.15,scattered clouds,0.0,0.0
214,Praia Da Vitoria,PT,2022-06-14 21:46:43,38.7333,-27.0667,66.45,88,40,3.83,scattered clouds,0.0,0.0
215,Beringovskiy,RU,2022-06-14 21:34:57,63.05,179.3167,34.18,85,80,6.89,broken clouds,0.0,0.0
216,Alihe,CN,2022-06-14 21:46:44,50.5667,123.7167,58.69,94,14,0.81,few clouds,0.0,0.0
217,Prince Rupert,CA,2022-06-14 21:45:55,54.3161,-130.3201,56.89,81,0,10.36,clear sky,0.0,0.0
218,Ipubi,BR,2022-06-14 21:46:44,-7.6519,-40.1489,72.03,59,16,3.89,few clouds,0.0,0.0
219,Nikolskoye,RU,2022-06-14 21:46:45,59.7035,30.7861,56.88,99,100,7.25,overcast clouds,0.0,0.0
220,Leticia,CO,2022-06-14 21:46:45,-4.2153,-69.9406,80.65,65,75,3.44,broken clouds,0.0,0.0
221,Camapua,BR,2022-06-14 21:46:45,-19.5314,-54.0439,65.64,51,23,5.19,few clouds,0.0,0.0
222,Babati,TZ,2022-06-14 21:46:46,-4.2167,35.75,56.98,87,13,2.1,few clouds,0.0,0.0
223,Buraydah,SA,2022-06-14 21:46:46,26.326,43.975,93.65,10,0,11.7,clear sky,0.0,0.0
224,Adrar,MR,2022-06-14 21:36:51,20.5022,-10.0711,90.91,31,39,4.68,light rain,0.0,0.0
225,Minab,IR,2022-06-14 21:46:46,27.1467,57.0801,86.59,70,0,4.09,clear sky,0.0,0.0
226,Kaka,TM,2022-06-14 21:46:47,37.3482,59.6143,85.37,35,82,5.03,broken clouds,0.0,0.0
227,Waipawa,NZ,2022-06-14 21:46:47,-41.4122,175.5153,52.23,64,7,18.21,clear sky,0.0,0.0
228,Alekseyevsk,RU,2022-06-14 21:46:47,57.8406,108.3492,59.13,92,13,0.72,few clouds,0.0,0.0
229,Dwarka,IN,2022-06-14 21:46:48,22.2394,68.9678,84.79,76,92,12.39,overcast clouds,0.0,0.0
230,Chegdomyn,RU,2022-06-14 21:46:48,51.1167,133.0167,64.38,83,99,2.89,overcast clouds,0.0,0.0
231,Aden,YE,2022-06-14 21:44:08,12.7794,45.0367,88.72,64,15,5.77,few clouds,0.0,0.0
232,Dubasari,MD,2022-06-14 21:46:49,47.2631,29.1608,63.39,70,47,6.62,scattered clouds,0.0,0.0
233,Teguldet,RU,2022-06-14 21:46:49,57.3064,88.1667,56.77,97,89,4.14,overcast clouds,0.0,0.0
234,Babu,CN,2022-06-14 21:46:49,24.4167,111.5167,73.72,94,100,2.59,overcast clouds,0.0,0.0
235,Senanga,ZM,2022-06-14 21:46:49,-16.1167,23.2667,57.72,50,3,3.69,clear sky,0.0,0.0
236,Chokurdakh,RU,2022-06-14 21:46:50,70.6333,147.9167,70.5,26,16,8.21,few clouds,0.0,0.0
237,Ondjiva,AO,2022-06-14 21:46:50,-17.0667,15.7333,55.17,41,0,1.95,clear sky,0.0,0.0
238,Kedrovyy,RU,2022-06-14 21:37:44,56.1667,91.8167,52.21,77,72,2.89,broken clouds,0.0,0.0
239,Viedma,AR,2022-06-14 21:46:50,-40.8135,-62.9967,49.95,69,3,7.85,clear sky,0.0,0.0
240,Karratha,AU,2022-06-14 21:37:57,-20.7377,116.8463,71.69,63,4,7.92,clear sky,0.0,0.0
241,Le Port,RE,2022-06-14 21:46:51,-20.9373,55.2919,72.25,58,14,11.16,few clouds,0.0,0.0
242,Quelimane,MZ,2022-06-14 21:43:55,-17.8786,36.8883,65.5,94,1,3.94,clear sky,0.0,0.0
243,Montepuez,MZ,2022-06-14 21:46:51,-13.1256,38.9997,61.72,96,19,1.7,few clouds,0.0,0.0
244,Bay Roberts,CA,2022-06-14 21:46:52,47.5999,-53.2648,45.05,86,100,10.0,overcast clouds,0.0,0.0
245,Jepara,ID,2022-06-14 21:46:52,-5.1695,105.7044,74.35,92,96,2.89,overcast clouds,0.0,0.0
246,Verkhnetulomskiy,RU,2022-06-14 21:46:52,68.6073,31.7962,46.53,96,100,5.66,overcast clouds,0.0,0.0
247,Pacific Grove,US,2022-06-14 21:33:12,36.6177,-121.9166,80.38,69,0,10.0,haze,0.0,0.0
248,Constitucion,CL,2022-06-14 21:46:53,-35.3333,-72.4167,53.46,86,100,7.78,overcast clouds,0.0,0.0
249,Flinders,AU,2022-06-14 21:46:53,-34.5833,150.8552,50.25,74,58,4.0,broken clouds,0.0,0.0
250,Fertod,HU,2022-06-14 21:46:53,47.6195,16.8868,56.64,69,94,1.79,overcast clouds,0.0,0.0
251,Mbengwi,CM,2022-06-14 21:46:54,6.0167,10.0,64.36,96,100,3.04,overcast clouds,0.0,0.0
252,Lompoc,US,2022-06-14 21:32:38,34.6391,-120.4579,89.02,50,0,25.01,clear sky,0.0,0.0
253,Bardiyah,LY,2022-06-14 21:46:54,31.7561,25.0865,73.26,80,0,11.39,clear sky,0.0,0.0
254,Vaxjo,SE,2022-06-14 21:46:54,56.8777,14.8091,54.57,90,0,8.05,clear sky,0.0,0.0
255,Khatanga,RU,2022-06-14 21:46:55,71.9667,102.5,48.99,58,17,11.1,few clouds,0.0,0.0
256,Alugan,PH,2022-06-14 21:46:55,12.2188,125.4808,80.15,81,90,7.47,light rain,0.0,0.0
257,Mareeba,AU,2022-06-14 21:46:55,-17.0,145.4333,65.44,90,12,2.93,few clouds,0.0,0.0
258,Kiama,AU,2022-06-14 21:46:56,-34.6833,150.8667,50.45,74,58,7.94,broken clouds,0.0,0.0
259,Oriximina,BR,2022-06-14 21:46:56,-1.7656,-55.8661,76.28,90,19,1.61,light rain,0.0,0.0
260,Jizan,SA,2022-06-14 21:46:56,17.3333,42.6667,90.54,70,37,4.5,scattered clouds,0.0,0.0
261,Puri,IN,2022-06-14 21:37:51,19.8,85.85,82.92,89,100,11.23,overcast clouds,0.0,0.0
262,Kargasok,RU,2022-06-14 21:46:57,59.0556,80.8572,58.3,98,97,6.33,light rain,0.0,0.0
263,Kununurra,AU,2022-06-14 21:46:57,-15.7667,128.7333,49.98,87,47,3.44,scattered clouds,0.0,0.0
264,Honningsvag,NO,2022-06-14 21:46:57,70.9821,25.9704,42.55,81,100,9.22,overcast clouds,0.0,0.0
265,Qaqortoq,GL,2022-06-14 21:46:58,60.7167,-46.0333,44.17,61,98,21.16,overcast clouds,0.0,0.0
266,Novopokrovka,UA,2022-06-14 21:46:58,49.8425,36.5477,60.19,93,99,13.22,overcast clouds,0.0,0.0
267,Maridi,SS,2022-06-14 21:46:58,4.9158,29.4742,66.43,97,95,2.66,overcast clouds,0.0,0.0
268,Ahipara,NZ,2022-06-14 21:46:59,-35.1667,173.1667,60.4,75,2,12.97,clear sky,0.0,0.0
269,Finschhafen,PG,2022-06-14 21:46:59,-6.6024,147.8681,81.39,72,95,9.95,overcast clouds,0.0,0.0
270,Ilave,PE,2022-06-14 21:46:59,-16.0833,-69.6667,42.66,33,6,5.93,clear sky,0.0,0.0
271,Ketchikan,US,2022-06-14 21:37:32,55.3422,-131.6461,61.27,59,75,10.36,broken clouds,0.0,0.0
272,Arvika,SE,2022-06-14 21:47:00,59.6553,12.5852,57.81,64,87,2.64,overcast clouds,0.0,0.0
273,Coquimbo,CL,2022-06-14 21:47:00,-29.9533,-71.3436,55.13,71,0,9.22,clear sky,0.0,0.0
274,Arlit,NE,2022-06-14 21:47:00,18.7369,7.3853,95.72,13,83,6.55,broken clouds,0.0,0.0
275,Jalu,LY,2022-06-14 21:47:01,29.0331,21.5482,77.61,52,0,14.18,clear sky,0.0,0.0
276,Port Blair,IN,2022-06-14 21:34:31,11.6667,92.75,81.1,82,100,3.83,overcast clouds,0.0,0.0
277,Buchanan,LR,2022-06-14 21:47:01,5.8808,-10.0467,77.95,76,98,8.5,overcast clouds,0.0,0.0
278,Clyde River,CA,2022-06-14 21:47:01,70.4692,-68.5914,39.43,81,75,12.66,broken clouds,0.0,0.0
279,Banda Aceh,ID,2022-06-14 21:47:02,5.5577,95.3222,78.17,85,82,16.42,broken clouds,0.0,0.0
280,Nacala,MZ,2022-06-14 21:47:02,-14.5428,40.6728,70.92,85,1,2.84,clear sky,0.0,0.0
281,Hofn,IS,2022-06-14 21:47:02,64.2539,-15.2082,50.14,74,24,14.38,few clouds,0.0,0.0
282,Okato,NZ,2022-06-14 21:47:03,-39.2,173.8833,58.51,91,75,10.0,broken clouds,0.0,0.0
283,Shakawe,BW,2022-06-14 21:47:03,-18.3667,21.85,56.84,43,0,2.91,clear sky,0.0,0.0
284,Lima,PE,2022-06-14 21:44:48,-12.0432,-77.0282,64.65,82,40,12.66,scattered clouds,0.0,0.0
285,Quatre Cocos,MU,2022-06-14 21:47:04,-20.2078,57.7625,71.1,63,79,16.98,broken clouds,0.0,0.0
286,Northam,GB,2022-06-14 21:37:08,51.0333,-4.2167,53.38,86,22,1.86,few clouds,0.0,0.0
287,Mayo,US,2022-06-14 21:43:09,38.8876,-76.5119,84.15,76,75,8.05,broken clouds,0.0,0.0
288,Lorengau,PG,2022-06-14 21:47:04,-2.0226,147.2712,81.84,76,36,8.19,scattered clouds,0.0,0.0
289,Dingle,PH,2022-06-14 21:47:04,10.9995,122.6711,77.52,86,70,2.19,broken clouds,0.0,0.0
290,Doba,TD,2022-06-14 21:47:05,8.65,16.85,77.27,73,100,4.34,overcast clouds,0.0,0.0
291,Honolulu,US,2022-06-14 21:43:50,21.3069,-157.8583,81.64,75,75,21.85,light rain,0.0,0.0
292,Naifaru,MV,2022-06-14 21:47:05,5.4444,73.3657,82.58,76,23,13.91,few clouds,0.0,0.0
293,Carnarvon,AU,2022-06-14 21:47:06,-24.8667,113.6333,68.36,74,91,2.44,overcast clouds,0.0,0.0
294,Nuuk,GL,2022-06-14 21:37:15,64.1835,-51.7216,43.41,42,40,25.32,scattered clouds,0.0,0.0
295,Mattru,SL,2022-06-14 21:47:06,7.6244,-11.8332,74.57,87,98,2.39,overcast clouds,0.0,0.0
296,Kavaratti,IN,2022-06-14 21:47:06,10.5669,72.642,82.36,78,100,17.0,overcast clouds,0.0,0.0
297,Tuatapere,NZ,2022-06-14 21:47:07,-46.1333,167.6833,43.47,89,100,13.56,overcast clouds,0.0,0.0
298,Codrington,AU,2022-06-14 21:37:59,-38.2667,141.9667,50.94,77,100,18.75,light rain,0.0,0.0
299,Santa Cruz,BO,2022-06-14 21:45:03,-17.8,-63.1667,77.05,23,0,13.8,clear sky,0.0,0.0
300,Nanhai,CN,2022-06-14 21:47:07,30.1282,111.7784,74.46,85,97,3.0,overcast clouds,0.0,0.0
301,Molo,KE,2022-06-14 21:47:08,-0.2479,35.7374,49.24,83,12,3.78,few clouds,0.0,0.0
302,Dicabisagan,PH,2022-06-14 21:47:08,17.0818,122.4157,79.27,85,65,2.82,broken clouds,0.0,0.0
303,Puerto Ayacucho,VE,2022-06-14 21:47:08,5.6639,-67.6236,72.48,93,100,0.87,overcast clouds,0.0,0.0
304,Santiago Del Estero,AR,2022-06-14 21:46:55,-27.7951,-64.2615,64.99,23,5,6.35,clear sky,0.0,0.0
305,Eenhana,NA,2022-06-14 21:47:09,-17.4667,16.3333,57.63,37,1,3.2,clear sky,0.0,0.0
306,Kargat,RU,2022-06-14 21:47:09,55.1956,80.2811,53.6,98,37,10.11,scattered clouds,0.0,0.0
307,Sukhobezvodnoye,RU,2022-06-14 21:47:09,57.0491,44.8891,58.55,97,53,5.55,broken clouds,0.0,0.0
308,Marquette,US,2022-06-14 21:47:10,46.5333,-87.6335,73.67,77,41,13.8,scattered clouds,0.0,0.0
309,Chiaravalle,IT,2022-06-14 21:47:10,43.6027,13.3246,73.11,58,0,2.3,clear sky,0.0,0.0
310,Grand Gaube,MU,2022-06-14 21:47:10,-20.0064,57.6608,71.38,72,86,4.0,overcast clouds,0.0,0.0
311,Kavieng,PG,2022-06-14 21:47:11,-2.5744,150.7967,82.35,75,73,10.76,broken clouds,0.0,0.0
312,Thabazimbi,ZA,2022-06-14 21:47:11,-24.5917,27.4116,60.53,40,81,3.44,broken clouds,0.0,0.0
313,Kristiansund,NO,2022-06-14 21:47:11,63.1115,7.732,52.45,82,100,4.61,overcast clouds,0.0,0.0
314,Maroantsetra,MG,2022-06-14 21:47:11,-15.4333,49.7333,69.6,91,98,2.95,overcast clouds,0.0,0.0
315,Arcachon,FR,2022-06-14 21:47:12,44.5875,-1.0519,80.92,78,58,4.59,broken clouds,0.0,0.0
316,Moerai,PF,2022-06-14 21:46:19,-22.4333,-151.3333,75.61,64,80,10.13,broken clouds,0.0,0.0
317,Bozeman,US,2022-06-14 21:43:52,45.6796,-111.0386,57.18,35,75,17.27,broken clouds,0.0,0.0
318,Agadez,NE,2022-06-14 21:47:13,19.75,10.25,92.95,18,4,7.0,clear sky,0.0,0.0
319,Norman Wells,CA,2022-06-14 21:37:13,65.282,-126.8329,57.24,54,75,16.11,broken clouds,0.0,0.0
320,Stromness,GB,2022-06-14 21:47:13,58.965,-3.296,53.56,90,100,5.01,overcast clouds,0.0,0.0
321,Poopo,BO,2022-06-14 21:47:13,-18.3667,-66.9667,40.84,16,0,2.68,clear sky,0.0,0.0
322,Tabas,IR,2022-06-14 21:47:14,33.5959,56.9244,92.91,15,20,3.0,few clouds,0.0,0.0
323,Oktyabrskoye,RU,2022-06-14 21:47:14,43.0645,44.7417,59.14,94,98,4.47,overcast clouds,0.0,0.0
324,Flin Flon,CA,2022-06-14 21:47:14,54.7682,-101.865,67.84,68,100,10.36,overcast clouds,0.0,0.0
325,Taungdwingyi,MM,2022-06-14 21:47:15,20.0167,95.55,76.98,87,100,9.31,overcast clouds,0.0,0.0
326,Plum,US,2022-06-14 21:47:15,40.5004,-79.7495,84.38,64,100,1.99,overcast clouds,0.0,0.0
327,Cardston,CA,2022-06-14 21:47:15,49.2,-113.3019,46.69,85,100,20.4,light rain,0.0,0.0
328,Along,IN,2022-06-14 21:47:16,28.1667,94.7667,72.54,100,100,0.34,overcast clouds,0.0,0.0
329,Ilulissat,GL,2022-06-14 21:44:15,69.2167,-51.1,35.62,69,40,11.5,scattered clouds,0.0,0.0
330,Kupang,ID,2022-06-14 21:47:16,-10.1667,123.5833,78.48,78,68,11.86,broken clouds,0.0,0.0
331,Amapa,BR,2022-06-14 21:37:21,1.0,-52.0,76.78,78,90,3.06,overcast clouds,0.0,0.0
332,Maltahohe,NA,2022-06-14 21:47:17,-24.8333,16.9833,40.91,63,0,7.07,clear sky,0.0,0.0
333,Ishinomaki,JP,2022-06-14 21:43:24,38.4167,141.3,59.0,84,100,11.65,light rain,0.0,0.0
334,Kumluca,TR,2022-06-14 21:47:17,36.3703,30.2869,72.84,74,42,2.15,scattered clouds,0.0,0.0
335,Chicama,PE,2022-06-14 21:47:17,-7.8447,-79.1469,63.14,68,23,8.68,few clouds,0.0,0.0
336,Sept-Iles,CA,2022-06-14 21:37:22,50.2001,-66.3821,68.52,64,100,2.3,overcast clouds,0.0,0.0
337,Xichang,CN,2022-06-14 21:47:18,27.8964,102.2634,61.59,87,100,1.43,light rain,0.0,0.0
338,Lagoa,PT,2022-06-14 21:37:29,39.05,-27.9833,63.57,81,100,13.91,overcast clouds,0.0,0.0
339,Imeni Poliny Osipenko,RU,2022-06-14 21:47:18,52.4201,136.4853,66.74,78,88,5.14,overcast clouds,0.0,0.0
340,Daokou,CN,2022-06-14 21:47:19,35.5639,114.5058,74.19,37,0,2.77,clear sky,0.0,0.0
341,Srednekolymsk,RU,2022-06-14 21:37:40,67.45,153.6833,69.71,28,1,3.02,clear sky,0.0,0.0
342,Santa Isabel Do Rio Negro,BR,2022-06-14 21:47:19,-0.4139,-65.0192,73.96,98,70,2.48,broken clouds,0.0,0.0
343,Faanui,PF,2022-06-14 21:47:19,-16.4833,-151.75,79.86,73,14,20.02,light rain,0.0,0.0
344,Pontianak,ID,2022-06-14 21:37:40,-0.0333,109.3333,76.98,94,100,2.3,overcast clouds,0.0,0.0
345,Yumen,CN,2022-06-14 21:35:51,40.2833,97.2,67.21,9,31,6.69,scattered clouds,0.0,0.0
346,Vestmannaeyjar,IS,2022-06-14 21:47:20,63.4427,-20.2734,49.77,77,100,15.84,overcast clouds,0.0,0.0
347,Torbay,CA,2022-06-14 21:47:20,47.6666,-52.7314,44.28,90,100,10.36,overcast clouds,0.0,0.0
348,Airai,TL,2022-06-14 21:47:20,-8.9266,125.4092,58.3,96,90,3.6,overcast clouds,0.0,0.0
349,Faya,SA,2022-06-14 21:34:38,18.3851,42.4509,77.11,25,5,3.04,clear sky,0.0,0.0
350,Tokur,RU,2022-06-14 21:47:21,53.1333,132.9,56.97,93,100,3.62,light rain,0.0,0.0
351,Ambon,ID,2022-06-14 21:47:21,-3.6954,128.1814,75.24,16,40,2.3,scattered clouds,0.0,0.0
352,Byron Bay,AU,2022-06-14 21:47:21,-28.65,153.6167,55.94,85,2,2.64,clear sky,0.0,0.0
353,Ajdabiya,LY,2022-06-14 21:47:22,30.7554,20.2263,72.34,85,0,10.07,clear sky,0.0,0.0
354,Caravelas,BR,2022-06-14 21:47:22,-17.7125,-39.2481,71.89,69,77,10.78,broken clouds,0.0,0.0
355,Katsuura,JP,2022-06-14 21:47:22,35.1333,140.3,63.27,91,100,17.92,light rain,0.0,0.0
356,Pundaguitan,PH,2022-06-14 21:47:23,6.3711,126.1689,82.26,74,91,8.12,overcast clouds,0.0,0.0
357,Impfondo,CG,2022-06-14 21:47:23,1.6381,18.0667,73.83,88,100,2.64,light rain,0.0,0.0
358,Owando,CG,2022-06-14 21:47:23,-0.4819,15.8999,75.81,75,61,1.61,broken clouds,0.0,0.0
359,Towada,JP,2022-06-14 21:47:24,40.6127,141.2067,58.3,64,100,7.52,overcast clouds,0.0,0.0
360,Tchamba,TG,2022-06-14 21:47:24,9.0333,1.4167,79.03,93,72,3.38,moderate rain,0.0,0.0
361,Mount Gambier,AU,2022-06-14 21:47:24,-37.8333,140.7667,49.91,93,100,13.8,moderate rain,0.0,0.0
362,Kailua,US,2022-06-14 21:47:25,21.4022,-157.7394,81.81,81,100,10.36,light rain,0.76,0.0
363,Taoudenni,ML,2022-06-14 21:47:25,22.6783,-3.9836,97.65,8,0,10.6,clear sky,0.0,0.0
364,Mpika,ZM,2022-06-14 21:47:25,-11.8343,31.4529,58.66,60,38,1.95,scattered clouds,0.0,0.0
365,Vrbove,SK,2022-06-14 21:47:26,48.6197,17.7226,55.87,87,15,2.3,few clouds,0.0,0.0
366,Askarovo,RU,2022-06-14 21:47:26,53.3372,58.5089,50.95,71,2,8.95,clear sky,0.0,0.0
367,Sindor,RU,2022-06-14 21:47:26,62.8629,51.8905,49.42,96,7,3.65,clear sky,0.0,0.0
368,Puerto Del Rosario,ES,2022-06-14 21:47:27,28.5004,-13.8627,71.35,68,20,14.97,few clouds,0.0,0.0
369,Zhangjiakou,CN,2022-06-14 21:47:27,40.81,114.8794,62.22,60,79,1.88,broken clouds,0.0,0.0
370,Dzaoudzi,YT,2022-06-14 21:47:27,-12.7887,45.2699,73.29,94,0,3.44,clear sky,0.0,0.0
371,Otjimbingwe,NA,2022-06-14 21:47:28,-22.35,16.1333,48.83,66,0,1.57,clear sky,0.0,0.0
372,Chapais,CA,2022-06-14 21:47:28,49.7834,-74.8492,74.98,57,98,6.04,overcast clouds,0.0,0.0
373,Kiri Buru,IN,2022-06-14 21:47:28,22.0833,85.35,78.53,70,100,4.18,moderate rain,0.0,0.0
374,Birao,CF,2022-06-14 21:47:28,10.2849,22.7882,77.05,68,83,4.23,broken clouds,0.0,0.0
375,Atambua,ID,2022-06-14 21:47:29,-9.1061,124.8925,71.35,89,88,4.47,overcast clouds,0.0,0.0
376,Lagos,NG,2022-06-14 21:47:10,6.5833,3.75,82.72,88,100,5.19,overcast clouds,0.0,0.0
377,Bilma,NE,2022-06-14 21:47:29,18.6853,12.9164,93.94,24,82,6.22,broken clouds,0.0,0.0
378,Pacifica,US,2022-06-14 21:45:32,37.6138,-122.4869,89.64,65,0,19.57,haze,0.0,0.0
379,Pandan,PH,2022-06-14 21:47:30,14.0453,124.1694,79.74,86,39,4.72,scattered clouds,0.0,0.0
380,Baoro,CF,2022-06-14 21:47:30,5.6667,15.9667,68.58,90,99,1.28,overcast clouds,0.0,0.0
381,Ploemeur,FR,2022-06-14 21:47:30,47.7333,-3.4333,68.83,66,0,8.05,clear sky,0.0,0.0
382,Saldanha,ZA,2022-06-14 21:47:31,-33.0117,17.9442,51.85,71,5,11.16,clear sky,0.0,0.0
383,Komsomolskiy,UZ,2022-06-14 21:36:25,40.4272,71.7189,75.92,38,81,4.61,broken clouds,0.0,0.0
384,Seydi,TM,2022-06-14 21:47:31,39.4816,62.9137,87.64,16,100,8.77,overcast clouds,0.0,0.0
385,Bodden Town,KY,2022-06-14 21:47:31,19.2833,-81.25,89.6,70,20,10.36,few clouds,0.0,0.0
386,Shemonaikha,KZ,2022-06-14 21:47:32,50.6328,81.9056,59.29,90,53,4.79,broken clouds,0.0,0.0
387,Sitka,US,2022-06-14 21:46:23,57.0531,-135.33,55.29,58,75,3.44,broken clouds,0.0,0.0
388,Auki,SB,2022-06-14 21:38:05,-8.7676,160.7034,81.81,75,27,5.1,scattered clouds,0.0,0.0
389,Ler,SS,2022-06-14 21:47:32,8.3018,30.1418,72.7,84,77,5.17,light rain,0.0,0.0
390,Cruzilia,BR,2022-06-14 21:47:33,-21.8386,-44.8083,53.46,69,74,4.74,broken clouds,0.0,0.0
391,Porec,HR,2022-06-14 21:47:33,45.2258,13.5939,68.45,69,0,4.45,clear sky,0.0,0.0
392,Mehamn,NO,2022-06-14 21:47:33,71.0357,27.8492,40.95,87,75,9.22,broken clouds,0.0,0.0
393,Magadan,RU,2022-06-14 21:46:59,59.5667,150.8,47.53,84,100,3.74,overcast clouds,0.0,0.0
394,Biak,ID,2022-06-14 21:47:34,-0.9131,122.8766,75.25,85,98,0.96,overcast clouds,0.0,0.0
395,Muros,ES,2022-06-14 21:47:34,42.7762,-9.0603,64.09,92,19,1.9,few clouds,0.0,0.0
396,Richards Bay,ZA,2022-06-14 21:47:34,-28.783,32.0377,66.7,55,100,7.25,overcast clouds,0.0,0.0
397,Saint-Francois,FR,2022-06-14 21:47:35,46.4154,3.9054,67.44,56,0,3.44,clear sky,0.0,0.0
398,Nizhniy Tsasuchey,RU,2022-06-14 21:47:35,50.5167,115.1333,64.17,58,10,1.21,clear sky,0.0,0.0
399,Xucheng,CN,2022-06-14 21:47:35,20.35,110.1288,78.39,88,76,5.17,broken clouds,0.0,0.0
400,Taldan,RU,2022-06-14 21:47:36,53.6667,124.8,58.86,94,100,1.32,light rain,0.0,0.0
401,Quang Ngai,VN,2022-06-14 21:45:54,15.1167,108.8,76.89,85,100,2.3,overcast clouds,0.0,0.0
402,College,US,2022-06-14 21:46:12,64.8569,-147.8028,70.0,50,75,0.0,smoke,0.0,0.0
403,Vung Tau,VN,2022-06-14 21:43:53,10.346,107.0843,82.62,78,93,6.31,overcast clouds,0.0,0.0
404,Meulaboh,ID,2022-06-14 21:47:36,4.1363,96.1285,74.66,94,97,1.05,moderate rain,0.0,0.0
405,Zhigansk,RU,2022-06-14 21:47:36,66.7697,123.3711,57.72,74,38,3.85,scattered clouds,0.0,0.0
406,Geraldton,AU,2022-06-14 21:47:37,-28.7667,114.6,50.41,81,0,13.8,clear sky,0.0,0.0
407,Huarmey,PE,2022-06-14 21:47:37,-10.0681,-78.1522,65.34,75,5,9.93,clear sky,0.0,0.0
408,Copiapo,CL,2022-06-14 21:47:37,-27.3667,-70.3333,55.09,68,100,2.66,overcast clouds,0.0,0.0
409,Maniitsoq,GL,2022-06-14 21:37:45,65.4167,-52.9,38.3,70,14,19.55,few clouds,0.0,0.0
410,Lumphat,KH,2022-06-14 21:47:38,13.4878,106.9816,73.56,98,100,1.21,overcast clouds,0.0,0.0
411,Fort Nelson,CA,2022-06-14 21:43:30,58.8053,-122.7002,71.19,26,75,5.75,broken clouds,0.0,0.0
412,Saint-Denis,FR,2022-06-14 21:47:38,48.9167,2.3333,68.49,54,0,10.36,clear sky,0.0,0.0
413,Tel Aviv-Yafo,IL,2022-06-14 21:47:39,32.0805,34.7805,76.1,75,20,3.44,few clouds,0.0,0.0
414,Kalmunai,LK,2022-06-14 21:47:39,7.4167,81.8167,79.25,83,100,5.79,overcast clouds,0.0,0.0
415,Sabalgarh,IN,2022-06-14 21:47:39,26.25,77.4,89.73,49,79,11.18,broken clouds,0.0,0.0
416,Nome,US,2022-06-14 21:46:29,64.5011,-165.4064,45.16,87,100,17.27,overcast clouds,0.0,0.0
417,Waiouru,NZ,2022-06-14 21:47:40,-39.4833,175.6667,43.23,96,100,11.9,overcast clouds,0.0,0.0
418,Mangrol,IN,2022-06-14 21:47:40,21.1167,70.1167,84.51,76,12,10.71,light rain,0.0,0.0
419,Guasdualito,VE,2022-06-14 21:47:40,7.2424,-70.7324,75.49,80,82,4.03,broken clouds,0.0,0.0
420,Leshukonskoye,RU,2022-06-14 21:47:41,64.8989,45.7622,51.12,96,11,4.52,few clouds,0.0,0.0
421,Gigmoto,PH,2022-06-14 21:47:41,13.7796,124.39,81.0,83,52,4.85,broken clouds,0.0,0.0
422,Filadelfia,US,2022-06-14 21:42:56,39.9523,-75.1638,86.0,48,40,6.91,scattered clouds,0.0,0.0
423,Saint Anthony,US,2022-06-14 21:47:41,45.0205,-93.218,95.25,44,0,20.71,clear sky,0.0,0.0
424,Pithapuram,IN,2022-06-14 21:47:42,17.1167,82.2667,82.83,68,97,3.62,overcast clouds,0.0,0.0
425,Yenagoa,NG,2022-06-14 21:47:42,4.9247,6.2642,75.07,93,90,4.21,overcast clouds,0.0,0.0
426,Acajutla,SV,2022-06-14 21:47:42,13.5928,-89.8275,78.87,84,100,12.95,overcast clouds,0.0,0.0
427,Kalaleh,IR,2022-06-14 21:47:43,37.3807,55.4916,76.6,69,75,0.0,broken clouds,0.0,0.0
428,Qasigiannguit,GL,2022-06-14 21:47:43,68.8193,-51.1922,35.85,73,60,9.75,broken clouds,0.0,0.0
429,Sechura,PE,2022-06-14 21:47:43,-5.5569,-80.8222,71.83,61,11,16.93,few clouds,0.0,0.0
430,Sherlovaya Gora,RU,2022-06-14 21:47:44,50.5667,116.25,60.96,56,21,1.63,few clouds,0.0,0.0
431,Hervey Bay,AU,2022-06-14 21:47:44,-25.2986,152.8535,65.08,76,89,6.35,overcast clouds,0.0,0.0
432,Caimito,CO,2022-06-14 21:47:44,8.8123,-75.4107,76.6,86,100,2.66,overcast clouds,0.0,0.0
433,Talnakh,RU,2022-06-14 21:46:44,69.4865,88.3972,61.21,57,68,6.76,broken clouds,0.0,0.0
434,Davila,PH,2022-06-14 21:47:45,18.4726,120.5763,78.78,78,100,3.69,overcast clouds,0.0,0.0
435,Ape,LV,2022-06-14 21:47:45,57.5393,26.6929,53.71,98,100,8.57,light rain,0.0,0.0
436,Rajapur,IN,2022-06-14 21:47:45,25.3833,81.15,94.03,37,63,10.92,broken clouds,0.0,0.0
437,Kamloops,CA,2022-06-14 21:45:42,50.6665,-120.3192,71.74,41,40,16.11,scattered clouds,0.0,0.0
438,Gimli,CA,2022-06-14 21:47:46,50.6336,-96.9907,62.35,99,100,6.82,overcast clouds,0.0,0.0
439,Kalyazin,RU,2022-06-14 21:47:46,57.2403,37.8433,59.02,93,98,8.03,overcast clouds,0.0,0.0
440,Takoradi,GH,2022-06-14 21:47:46,4.8845,-1.7554,78.46,85,100,13.15,light rain,0.0,0.0
441,Hualmay,PE,2022-06-14 21:47:47,-11.0964,-77.6139,64.29,75,8,10.25,clear sky,0.0,0.0
442,Valdosta,US,2022-06-14 21:47:47,30.8327,-83.2785,76.91,90,75,12.66,moderate rain,0.0,0.0
443,Synya,RU,2022-06-14 21:47:47,65.3718,58.0387,55.87,79,100,1.97,overcast clouds,0.0,0.0
444,Nanortalik,GL,2022-06-14 21:45:11,60.1432,-45.2371,41.11,74,86,9.33,overcast clouds,0.0,0.0
445,Zhaotong,CN,2022-06-14 21:47:48,27.3167,103.7167,58.23,64,100,2.93,overcast clouds,0.0,0.0
446,Yafran,LY,2022-06-14 21:46:29,32.0633,12.5286,70.63,36,0,4.85,clear sky,0.0,0.0
447,Ossora,RU,2022-06-14 21:47:48,59.2353,163.0719,54.52,54,7,3.67,clear sky,0.0,0.0
448,Sao Joao Da Barra,BR,2022-06-14 21:38:07,-21.6403,-41.0511,68.09,67,91,10.33,overcast clouds,0.0,0.0
449,Seoul,KR,2022-06-14 21:44:05,37.5683,126.9778,60.24,91,100,12.66,moderate rain,0.0,0.0
450,Conde,BR,2022-06-14 21:47:49,-7.2597,-34.9075,76.46,83,0,6.91,clear sky,0.0,0.0
451,Pag,HR,2022-06-14 21:47:49,44.445,15.0575,66.78,69,0,13.62,clear sky,0.0,0.0
452,Chifeng,CN,2022-06-14 21:47:49,42.2683,118.9636,58.55,84,64,2.35,broken clouds,0.0,0.0
453,Dubti,ET,2022-06-14 21:47:50,11.7361,41.0853,93.56,21,50,11.03,scattered clouds,0.0,0.0
454,Tura,IN,2022-06-14 21:47:50,25.5198,90.2201,72.79,97,100,5.01,very heavy rain,0.0,0.0
455,La Ronge,CA,2022-06-14 21:47:50,55.1001,-105.2842,61.05,88,100,8.05,overcast clouds,0.0,0.0
456,Fukue,JP,2022-06-14 21:47:51,32.6881,128.8419,70.7,87,100,6.38,overcast clouds,0.0,0.0
457,Mpophomeni,ZA,2022-06-14 21:47:51,-29.5682,30.1862,49.73,70,100,1.86,overcast clouds,0.0,0.0
458,Mount Isa,AU,2022-06-14 21:47:52,-20.7333,139.5,40.77,65,0,0.0,clear sky,0.0,0.0
459,Saint-Pierre,RE,2022-06-14 21:37:55,-21.3393,55.4781,72.91,64,0,6.91,clear sky,0.0,0.0
460,Nyurba,RU,2022-06-14 21:47:53,63.2842,118.3319,61.32,66,20,2.1,few clouds,0.0,0.0
461,Moctezuma,MX,2022-06-14 21:47:53,29.8,-109.6667,100.81,21,0,15.41,clear sky,0.0,0.0
462,Tahta,EG,2022-06-14 21:47:53,26.7693,31.5021,85.68,28,0,4.88,clear sky,0.0,0.0
463,Ferrol,ES,2022-06-14 21:47:54,43.4832,-8.2369,66.36,92,26,1.21,scattered clouds,0.0,0.0
464,Kidal,ML,2022-06-14 21:47:54,18.4411,1.4078,97.34,11,43,8.28,scattered clouds,0.0,0.0
465,Tessalit,ML,2022-06-14 21:47:54,20.1986,1.0114,95.94,17,93,7.61,overcast clouds,0.0,0.0
466,Berbera,SO,2022-06-14 21:47:55,10.4396,45.0143,90.93,44,2,12.53,clear sky,0.0,0.0
467,Grants Pass,US,2022-06-14 21:47:55,42.439,-123.3284,73.18,46,0,6.91,clear sky,0.0,0.0
468,Vigrestad,NO,2022-06-14 21:47:55,58.5667,5.7,53.28,88,100,9.8,overcast clouds,0.0,0.0
469,Barao De Melgaco,BR,2022-06-14 21:47:56,-16.1944,-55.9675,75.33,37,59,4.68,broken clouds,0.0,0.0
470,Santa Rosa,PH,2022-06-14 21:47:21,14.3122,121.1114,80.58,92,99,2.95,overcast clouds,0.0,0.0
471,Chumikan,RU,2022-06-14 21:46:54,54.7183,135.315,36.1,100,100,3.27,moderate rain,0.0,0.0
472,Chivilcoy,AR,2022-06-14 21:47:56,-34.8957,-60.0167,53.83,54,100,6.78,overcast clouds,0.0,0.0
473,Rongai,KE,2022-06-14 21:47:56,-0.1733,35.8638,56.19,78,11,4.76,few clouds,0.0,0.0
474,Anton Lizardo,MX,2022-06-14 21:47:57,19.05,-95.9833,85.21,78,68,14.03,broken clouds,0.0,0.0
475,Half Moon Bay,US,2022-06-14 21:43:35,37.4636,-122.4286,92.53,59,0,19.57,haze,0.0,0.0
476,Pangnirtung,CA,2022-06-14 21:47:57,66.1451,-65.7125,46.4,66,40,17.27,scattered clouds,0.0,0.0
477,Sao Felix Do Xingu,BR,2022-06-14 21:47:57,-6.6447,-51.995,72.54,93,91,3.33,overcast clouds,0.0,0.0
478,Port Hardy,CA,2022-06-14 21:46:29,50.6996,-127.4199,57.38,77,40,8.05,scattered clouds,0.0,0.0
479,Palana,RU,2022-06-14 21:47:58,59.1167,159.9667,43.93,73,1,4.12,clear sky,0.0,0.0
480,Linxia,CN,2022-06-14 21:47:58,35.6003,103.2064,53.89,43,5,4.65,clear sky,0.0,0.0
481,Nhulunbuy,AU,2022-06-14 21:47:58,-12.2333,136.7667,77.61,83,100,8.05,overcast clouds,0.0,0.0
482,Coos Bay,US,2022-06-14 21:47:59,43.3665,-124.2179,70.32,76,40,13.8,scattered clouds,0.0,0.0
483,Makakilo City,US,2022-06-14 21:47:59,21.3469,-158.0858,80.35,67,75,21.85,light rain,0.0,0.0
484,Vardo,NO,2022-06-14 21:47:39,70.3705,31.1107,42.78,81,75,12.66,broken clouds,0.0,0.0
485,Montauban,FR,2022-06-14 21:48:00,44.0833,1.5,74.59,59,68,10.71,broken clouds,0.0,0.0
486,Petropavlovsk-Kamchatskiy,RU,2022-06-14 21:48:00,53.0452,158.6483,52.39,71,40,6.71,scattered clouds,0.0,0.0
487,Qinnan,CN,2022-06-14 21:48:00,33.2531,119.9133,71.98,48,0,6.04,clear sky,0.0,0.0
488,Ubinskoye,RU,2022-06-14 21:48:01,55.3068,79.6802,54.68,94,56,10.31,broken clouds,0.0,0.0
489,Abu Dhabi,AE,2022-06-14 21:44:42,24.4667,54.3667,95.11,62,0,6.91,clear sky,0.0,0.0
490,Bagrami,AF,2022-06-14 21:48:01,34.4938,69.2743,68.99,29,1,2.91,clear sky,0.0,0.0
491,Alta Floresta,BR,2022-06-14 21:48:01,-9.8756,-56.0861,78.98,51,31,1.59,scattered clouds,0.0,0.0
492,Kaspiyskiy,RU,2022-06-14 21:48:02,45.3929,47.3707,72.34,55,94,8.63,overcast clouds,0.0,0.0
493,Yaroslavl,RU,2022-06-14 21:43:23,57.6299,39.8737,67.8,73,0,4.47,clear sky,0.0,0.0
494,Nouadhibou,MR,2022-06-14 21:48:02,20.931,-17.0347,69.78,83,7,18.41,sand,0.0,0.0
495,Guhagar,IN,2022-06-14 21:48:02,17.4842,73.1929,80.62,83,33,4.38,scattered clouds,0.0,0.0
496,Porto Santo,PT,2022-06-14 21:48:03,33.072,-16.3415,68.38,68,40,8.05,scattered clouds,0.0,0.0
497,Sohag,EG,2022-06-14 21:48:03,26.557,31.6948,88.09,28,0,5.41,clear sky,0.0,0.0
498,Portales,US,2022-06-14 21:48:03,34.1862,-103.3344,99.93,9,97,16.6,overcast clouds,0.0,0.0
499,Marsh Harbour,BS,2022-06-14 21:48:04,26.5412,-77.0636,81.81,75,16,10.18,few clouds,0.0,0.0
500,Clarence Town,AU,2022-06-14 21:48:04,-32.5833,151.7833,49.8,75,0,4.05,clear sky,0.0,0.0
501,Olinda,BR,2022-06-14 21:48:04,-8.0089,-34.8553,82.13,65,20,6.91,few clouds,0.0,0.0
502,Pingliang,CN,2022-06-14 21:48:05,35.5392,106.6861,63.61,40,0,7.16,clear sky,0.0,0.0
503,Bathsheba,BB,2022-06-14 21:48:05,13.2167,-59.5167,83.01,78,40,20.71,scattered clouds,0.0,0.0
504,Riviere-Au-Renard,CA,2022-06-14 21:48:05,48.9957,-64.3971,61.09,90,100,8.21,overcast clouds,0.0,0.0
505,Tabou,CI,2022-06-14 21:48:06,4.423,-7.3528,77.54,83,100,9.57,light rain,0.0,0.0
506,Ancud,CL,2022-06-14 21:48:06,-41.8697,-73.8203,49.23,88,84,6.87,light rain,0.0,0.0
507,George Town,MY,2022-06-14 21:47:12,5.4112,100.3354,82.33,91,40,3.44,scattered clouds,0.0,0.0
508,Corinto,GR,2022-06-14 21:45:16,37.9407,22.9573,75.42,60,64,3.53,broken clouds,0.0,0.0
509,Diyarb Najm,EG,2022-06-14 21:48:07,30.7542,31.4393,72.68,76,0,1.92,clear sky,0.0,0.0
510,Valer,NO,2022-06-14 21:48:07,60.6785,11.8331,56.07,71,100,3.2,overcast clouds,0.0,0.0
511,Coahuayana,MX,2022-06-14 21:48:07,18.7333,-103.6833,87.03,62,100,8.52,overcast clouds,0.0,0.0
512,Mosalsk,RU,2022-06-14 21:48:07,54.4881,34.9817,49.84,91,4,10.96,clear sky,0.0,0.0
513,Longonjo,AO,2022-06-14 21:48:08,-12.9067,15.2533,52.74,40,2,1.63,clear sky,0.0,0.0
514,Veraval,IN,2022-06-14 21:48:08,20.9,70.3667,84.52,76,18,11.03,few clouds,0.0,0.0
515,Vao,NC,2022-06-14 21:48:08,-22.6667,167.4833,71.96,82,100,18.19,overcast clouds,0.0,0.0
516,Evensk,RU,2022-06-14 21:48:09,61.95,159.2333,48.47,76,17,9.73,few clouds,0.0,0.0
517,Maldonado,UY,2022-06-14 21:48:09,-34.6667,-54.9167,51.22,89,70,6.64,broken clouds,0.0,0.0
518,Lincoln,US,2022-06-14 21:48:00,40.8,-96.667,94.26,41,0,13.8,clear sky,0.0,0.0
519,Aripuana,BR,2022-06-14 21:48:09,-9.1667,-60.6333,70.03,73,61,1.83,broken clouds,0.0,0.0
520,Kemijarvi,FI,2022-06-14 21:48:10,66.7131,27.4306,54.01,76,93,1.63,overcast clouds,0.0,0.0
521,Port Keats,AU,2022-06-14 21:48:10,-14.25,129.55,63.64,32,98,8.55,overcast clouds,0.0,0.0
522,Roseland,US,2022-06-14 21:48:10,38.4221,-122.728,94.01,32,0,14.0,clear sky,0.0,0.0
523,Itaituba,BR,2022-06-14 21:48:11,-4.2761,-55.9836,86.16,70,40,2.3,scattered clouds,0.0,0.0
524,Kainantu,PG,2022-06-14 21:45:23,-6.2887,145.8655,61.79,78,22,1.72,few clouds,0.0,0.0
525,Anuradhapura,LK,2022-06-14 21:48:11,8.3565,80.4173,78.21,88,100,11.27,overcast clouds,0.0,0.0
526,Namibe,AO,2022-06-14 21:46:19,-15.1961,12.1522,64.47,68,5,4.21,clear sky,0.0,0.0
527,Wattegama,LK,2022-06-14 21:48:11,6.7989,81.4808,75.4,90,100,4.79,overcast clouds,0.0,0.0
528,Buba,GW,2022-06-14 21:48:12,11.5833,-15.0,75.74,93,90,4.32,overcast clouds,0.0,0.0
529,Boa Vista,BR,2022-06-14 21:43:52,2.8197,-60.6733,85.98,62,40,6.91,scattered clouds,0.0,0.0
530,Vermes,RO,2022-06-14 21:48:12,45.5206,21.6597,56.84,66,55,0.74,broken clouds,0.0,0.0
531,Shenjiamen,CN,2022-06-14 21:48:13,29.9576,122.298,71.11,94,95,9.13,overcast clouds,0.0,0.0
532,Inskoy,RU,2022-06-14 21:48:13,54.4297,86.44,60.01,94,100,5.91,overcast clouds,0.0,0.0
533,Esfarayen,IR,2022-06-14 21:48:13,37.0765,57.5101,67.66,42,53,4.92,broken clouds,0.0,0.0
534,Kodinsk,RU,2022-06-14 21:48:14,58.6881,99.1844,64.83,74,57,2.42,broken clouds,0.0,0.0
535,Jurm,AF,2022-06-14 21:48:14,36.8648,70.8342,66.22,45,0,1.14,clear sky,0.0,0.0
536,Puerto Leguizamo,CO,2022-06-14 21:48:14,-0.1934,-74.7819,79.29,71,89,0.51,overcast clouds,0.0,0.0
537,Duvan,RU,2022-06-14 21:48:14,55.695,57.9024,51.91,89,29,4.92,scattered clouds,0.0,0.0
538,Sioux Lookout,CA,2022-06-14 21:43:36,50.1001,-91.917,62.67,82,100,17.27,overcast clouds,0.0,0.0
539,Saint-Michel-Des-Saints,CA,2022-06-14 21:48:15,46.6834,-73.9159,69.94,59,71,7.14,broken clouds,0.0,0.0
540,Unguia,CO,2022-06-14 21:48:15,8.0434,-77.0945,78.85,93,100,3.74,overcast clouds,0.0,0.0
541,Hami,CN,2022-06-14 21:48:16,42.8,93.45,85.3,23,100,20.18,overcast clouds,0.0,0.0
542,Orshanka,RU,2022-06-14 21:48:16,56.9161,47.8933,57.63,81,91,6.62,overcast clouds,0.0,0.0
543,Ambilobe,MG,2022-06-14 21:48:16,-13.2,49.05,67.48,87,37,3.69,scattered clouds,0.0,0.0
544,Russell,US,2022-06-14 21:45:12,32.3502,-85.1999,91.87,52,69,6.51,broken clouds,0.0,0.0
545,Houston,US,2022-06-14 21:47:50,29.7633,-95.3633,97.41,54,20,17.27,haze,0.0,0.0
546,Wagar,SD,2022-06-14 21:48:17,16.1525,36.2032,92.98,16,32,5.84,scattered clouds,0.0,0.0
547,Okha,RU,2022-06-14 21:48:03,53.5739,142.9478,49.87,92,96,2.77,overcast clouds,0.0,0.0
548,Waingapu,ID,2022-06-14 21:48:17,-9.6567,120.2641,77.18,86,27,9.55,scattered clouds,0.0,0.0
549,Yerofey Pavlovich,RU,2022-06-14 21:48:18,53.9667,121.9667,58.6,89,97,2.01,light rain,0.0,0.0
550,San Policarpo,PH,2022-06-14 21:48:18,12.1791,125.5072,80.73,80,91,8.08,light rain,0.0,0.0
551,Vanimo,PG,2022-06-14 21:48:18,-2.6741,141.3028,78.19,84,52,6.22,broken clouds,0.0,0.0
552,Bengkulu,ID,2022-06-14 21:48:18,-3.8004,102.2655,74.59,89,47,3.58,scattered clouds,0.0,0.0
553,Ca Mau,VN,2022-06-14 21:48:19,9.1769,105.15,77.83,89,70,2.37,broken clouds,0.0,0.0
554,Elat,IL,2022-06-14 21:48:19,29.5581,34.9482,85.84,32,0,19.57,clear sky,0.0,0.0
555,Douglas,US,2022-06-14 21:48:19,41.3,-96.167,95.4,42,0,13.8,clear sky,0.0,0.0
